Date,Tech_Growth,Blue_Chip,Gold_Safe
2024-02-19 13:02:37.427777,99.66,100.13,99.14
2024-02-20 13:02:37.427777,97.74,99.86,97.39
2024-02-21 13:02:37.427777,100.34,98.79,98.21
2024-02-22 13:02:37.427777,99.89,97.95,99.31
2024-02-23 13:02:37.427777,104.01,97.84,99.1
2024-02-24 13:02:37.427777,104.46,99.15,98.44
2024-02-25 13:02:37.427777,105.34,99.54,98.2
2024-02-26 13:02:37.427777,106.43,100.13,98.61
2024-02-27 13:02:37.427777,104.31,99.29,98.52
2024-02-28 13:02:37.427777,102.53,99.97,98.38
2024-02-29 13:02:37.427777,103.11,100.29,99.35
2024-03-01 13:02:37.427777,99.58,99.86,99.08
2024-03-02 13:02:37.427777,99.33,101.16,99.95
2024-03-03 13:02:37.427777,102.85,99.88,98.79
2024-03-04 13:02:37.427777,101.24,98.82,98.13
2024-03-05 13:02:37.427777,99.93,99.76,99.2
2024-03-06 13:02:37.427777,101.49,99.29,99.73
2024-03-07 13:02:37.427777,101.24,97.76,99.62
2024-03-08 13:02:37.427777,102.5,99.93,101.27
2024-03-09 13:02:37.427777,101.45,99.52,101.56
2024-03-10 13:02:37.427777,102.94,99.43,100.73
2024-03-11 13:02:37.427777,101.43,99.95,101.66
2024-03-12 13:02:37.427777,96.86,102.71,101.62
2024-03-13 13:02:37.427777,98.43,100.93,101.47
2024-03-14 13:02:37.427777,98.44,100.2,101.19
2024-03-15 13:02:37.427777,102.25,100.25,102.12
2024-03-16 13:02:37.427777,99.73,103.06,102.33
2024-03-17 13:02:37.427777,100.07,103.52,102.42
2024-03-18 13:02:37.427777,100.24,104.82,103.97
2024-03-19 13:02:37.427777,100.54,104.47,104.01
2024-03-20 13:02:37.427777,100.74,104.04,102.18
2024-03-21 13:02:37.427777,101.62,104.16,102.74
2024-03-22 13:02:37.427777,97.9,105.62,103.88
2024-03-23 13:02:37.427777,97.91,104.06,102.77
2024-03-24 13:02:37.427777,98.47,104.41,101.99
2024-03-25 13:02:37.427777,94.79,105.08,101.48
2024-03-26 13:02:37.427777,94.92,104.33,98.71
2024-03-27 13:02:37.427777,91.61,105.42,98.81
2024-03-28 13:02:37.427777,87.01,105.3,98.79
2024-03-29 13:02:37.427777,87.58,106.27,98.96
2024-03-30 13:02:37.427777,87.37,105.8,97.63
2024-03-31 13:02:37.427777,85.99,104.68,96.45
2024-04-01 13:02:37.427777,89.83,105.57,96.21
2024-04-02 13:02:37.427777,91.56,107.36,96.6
2024-04-03 13:02:37.427777,90.23,106.16,96.45
2024-04-04 13:02:37.427777,91.51,104.96,96.58
2024-04-05 13:02:37.427777,90.71,104.48,95.94
2024-04-06 13:02:37.427777,88.83,104.58,97.32
2024-04-07 13:02:37.427777,88.4,103.4,97.59
2024-04-08 13:02:37.427777,89.78,107.37,98.18
2024-04-09 13:02:37.427777,89.53,105.09,98.86
2024-04-10 13:02:37.427777,89.1,105.82,99.36
2024-04-11 13:02:37.427777,84.75,104.93,100.31
2024-04-12 13:02:37.427777,86.57,103.74,99.81
2024-04-13 13:02:37.427777,88.14,103.88,100.74
2024-04-14 13:02:37.427777,84.71,103.85,101.14
2024-04-15 13:02:37.427777,88.13,103.65,101.04
2024-04-16 13:02:37.427777,88.45,103.25,101.55
2024-04-17 13:02:37.427777,91.47,104.94,101.01
2024-04-18 13:02:37.427777,88.87,104.49,100.03
2024-04-19 13:02:37.427777,90.63,103.03,100.1
2024-04-20 13:02:37.427777,91.11,106.35,100.94
2024-04-21 13:02:37.427777,91.7,107.72,101.44
2024-04-22 13:02:37.427777,91.38,110.75,101.61
2024-04-23 13:02:37.427777,92.76,107.96,99.64
2024-04-24 13:02:37.427777,94.92,108.33,99.85
2024-04-25 13:02:37.427777,99.33,107.87,100.2
2024-04-26 13:02:37.427777,99.84,106.13,100.19
2024-04-27 13:02:37.427777,99.57,104.39,100.78
2024-04-28 13:02:37.427777,97.84,102.33,99.67
2024-04-29 13:02:37.427777,95.06,102.38,98.86
2024-04-30 13:02:37.427777,98.28,102.07,98.57
2024-05-01 13:02:37.427777,99.99,101.75,98.06
2024-05-02 13:02:37.427777,96.71,100.72,97.3
2024-05-03 13:02:37.427777,97.17,100.79,96.85
2024-05-04 13:02:37.427777,98.75,100.41,97.32
2024-05-05 13:02:37.427777,96.54,99.82,96.76
2024-05-06 13:02:37.427777,97.2,99.55,96.43
2024-05-07 13:02:37.427777,98.62,100.75,95.07
2024-05-08 13:02:37.427777,96.45,101.48,94.08
2024-05-09 13:02:37.427777,94.3,102.54,93.86
2024-05-10 13:02:37.427777,92.1,103.39,93.26
2024-05-11 13:02:37.427777,93.59,105.43,94.77
2024-05-12 13:02:37.427777,94.42,104.64,96.17
2024-05-13 13:02:37.427777,94.38,107.49,96.61
2024-05-14 13:02:37.427777,96.98,105.72,95.65
2024-05-15 13:02:37.427777,102.24,107.14,95.99
2024-05-16 13:02:37.427777,101.31,106.7,95.96
2024-05-17 13:02:37.427777,98.12,107.14,97.42
2024-05-18 13:02:37.427777,98.91,109.2,97.48
2024-05-19 13:02:37.427777,94.3,110.26,97.29
2024-05-20 13:02:37.427777,89.23,109.51,96.48
2024-05-21 13:02:37.427777,87.12,110.61,95.9
2024-05-22 13:02:37.427777,88.83,109.72,96.26
2024-05-23 13:02:37.427777,84.87,110.32,96.95
2024-05-24 13:02:37.427777,85.19,109.05,97.79
2024-05-25 13:02:37.427777,85.61,108.92,97.51
2024-05-26 13:02:37.427777,86.26,110.85,97.64
2024-05-27 13:02:37.427777,85.27,108.44,99.02
2024-05-28 13:02:37.427777,89.23,111.07,98.02
2024-05-29 13:02:37.427777,89.33,110.31,97.89
2024-05-30 13:02:37.427777,91.57,111.52,97.15
2024-05-31 13:02:37.427777,94.13,110.7,97.97
2024-06-01 13:02:37.427777,96.2,109.7,97.84
2024-06-02 13:02:37.427777,97.37,109.42,97.68
2024-06-03 13:02:37.427777,97.08,112.86,96.84
2024-06-04 13:02:37.427777,98.78,112.43,96.99
2024-06-05 13:02:37.427777,100.73,111.17,96.59
2024-06-06 13:02:37.427777,101.92,110.61,95.19
2024-06-07 13:02:37.427777,97.14,109.57,96.07
2024-06-08 13:02:37.427777,99.22,108.09,97.01
2024-06-09 13:02:37.427777,99.26,108.49,95.83
2024-06-10 13:02:37.427777,98.61,109.33,95.51
2024-06-11 13:02:37.427777,103.64,110.28,95.07
2024-06-12 13:02:37.427777,99.8,111.26,96.48
2024-06-13 13:02:37.427777,98.68,109.79,95.4
2024-06-14 13:02:37.427777,104.2,109.13,94.9
2024-06-15 13:02:37.427777,105.64,108.73,95.16
2024-06-16 13:02:37.427777,101.23,110.47,95.44
2024-06-17 13:02:37.427777,104.1,110.86,94.64
2024-06-18 13:02:37.427777,102.35,113.79,94.39
2024-06-19 13:02:37.427777,98.38,115.59,92.94
2024-06-20 13:02:37.427777,98.14,114.05,93.68
2024-06-21 13:02:37.427777,98.51,112.31,94.7
2024-06-22 13:02:37.427777,95.66,111.36,94.52
2024-06-23 13:02:37.427777,93.0,114.2,93.72
2024-06-24 13:02:37.427777,90.1,115.17,92.5
2024-06-25 13:02:37.427777,92.29,116.98,92.25
2024-06-26 13:02:37.427777,94.03,118.59,92.48
2024-06-27 13:02:37.427777,96.81,121.42,91.8
2024-06-28 13:02:37.427777,95.01,120.52,91.86
2024-06-29 13:02:37.427777,94.11,121.82,91.99
2024-06-30 13:02:37.427777,91.9,124.89,92.79
2024-07-01 13:02:37.427777,88.07,125.47,93.45
2024-07-02 13:02:37.427777,91.39,126.41,93.24
2024-07-03 13:02:37.427777,92.74,127.17,94.0
2024-07-04 13:02:37.427777,90.48,126.88,95.18
2024-07-05 13:02:37.427777,90.11,128.53,96.05
2024-07-06 13:02:37.427777,93.32,129.08,97.07
2024-07-07 13:02:37.427777,90.82,124.65,97.42
2024-07-08 13:02:37.427777,92.66,123.82,98.57
2024-07-09 13:02:37.427777,91.39,123.77,98.24
2024-07-10 13:02:37.427777,92.61,124.59,98.36
2024-07-11 13:02:37.427777,89.82,126.1,98.66
2024-07-12 13:02:37.427777,91.11,125.11,98.34
2024-07-13 13:02:37.427777,90.33,124.89,100.37
2024-07-14 13:02:37.427777,88.41,125.87,101.24
2024-07-15 13:02:37.427777,91.08,127.09,100.65
2024-07-16 13:02:37.427777,91.0,125.5,101.79
2024-07-17 13:02:37.427777,90.82,127.69,101.21
2024-07-18 13:02:37.427777,94.12,127.35,100.63
2024-07-19 13:02:37.427777,99.09,126.39,101.92
2024-07-20 13:02:37.427777,102.66,125.84,102.26
2024-07-21 13:02:37.427777,100.12,124.88,102.28
2024-07-22 13:02:37.427777,103.09,126.54,101.7
2024-07-23 13:02:37.427777,104.89,127.79,100.61
2024-07-24 13:02:37.427777,103.3,128.09,100.77
2024-07-25 13:02:37.427777,105.92,125.77,102.17
2024-07-26 13:02:37.427777,106.52,127.69,101.56
2024-07-27 13:02:37.427777,106.92,126.2,101.22
2024-07-28 13:02:37.427777,103.86,125.33,101.84
2024-07-29 13:02:37.427777,104.1,125.79,103.15
2024-07-30 13:02:37.427777,107.16,123.36,102.79
2024-07-31 13:02:37.427777,106.41,122.94,102.83
2024-08-01 13:02:37.427777,105.65,123.1,102.79
2024-08-02 13:02:37.427777,104.79,122.64,102.58
2024-08-03 13:02:37.427777,103.86,123.97,103.29
2024-08-04 13:02:37.427777,104.58,121.78,103.19
2024-08-05 13:02:37.427777,104.44,123.8,103.61
2024-08-06 13:02:37.427777,105.06,124.91,105.45
2024-08-07 13:02:37.427777,106.5,125.48,105.28
2024-08-08 13:02:37.427777,112.83,124.76,105.76
2024-08-09 13:02:37.427777,113.38,126.05,106.1
2024-08-10 13:02:37.427777,111.22,125.16,106.5
2024-08-11 13:02:37.427777,114.47,125.31,108.13
2024-08-12 13:02:37.427777,117.27,126.44,107.54
2024-08-13 13:02:37.427777,116.42,128.09,107.11
2024-08-14 13:02:37.427777,114.09,126.27,106.18
2024-08-15 13:02:37.427777,113.5,124.91,106.69
2024-08-16 13:02:37.427777,113.64,125.24,106.06
2024-08-17 13:02:37.427777,109.98,125.16,106.15
2024-08-18 13:02:37.427777,114.51,124.62,108.39
2024-08-19 13:02:37.427777,113.77,124.87,109.62
2024-08-20 13:02:37.427777,110.97,125.56,110.84
2024-08-21 13:02:37.427777,113.84,124.52,110.57
2024-08-22 13:02:37.427777,117.97,125.11,109.38
2024-08-23 13:02:37.427777,116.34,125.41,108.64
2024-08-24 13:02:37.427777,117.21,124.32,108.06
2024-08-25 13:02:37.427777,114.48,123.85,109.02
2024-08-26 13:02:37.427777,111.75,122.85,108.41
2024-08-27 13:02:37.427777,115.68,122.35,108.46
2024-08-28 13:02:37.427777,116.44,121.87,109.26
2024-08-29 13:02:37.427777,116.05,123.64,108.83
2024-08-30 13:02:37.427777,116.56,122.63,108.41
2024-08-31 13:02:37.427777,119.78,123.83,107.24
2024-09-01 13:02:37.427777,123.34,123.17,107.54
2024-09-02 13:02:37.427777,121.32,122.32,108.29
2024-09-03 13:02:37.427777,124.07,121.43,107.52
2024-09-04 13:02:37.427777,122.41,122.48,107.22
2024-09-05 13:02:37.427777,126.98,123.88,107.29
2024-09-06 13:02:37.427777,124.02,121.41,106.08
2024-09-07 13:02:37.427777,121.23,122.13,107.36
2024-09-08 13:02:37.427777,122.1,120.07,106.35
2024-09-09 13:02:37.427777,128.43,118.8,105.86
2024-09-10 13:02:37.427777,131.35,119.97,106.19
2024-09-11 13:02:37.427777,130.26,121.99,105.81
2024-09-12 13:02:37.427777,126.73,120.52,106.51
2024-09-13 13:02:37.427777,130.21,122.02,106.7
2024-09-14 13:02:37.427777,134.37,122.7,106.74
2024-09-15 13:02:37.427777,137.98,123.93,107.71
2024-09-16 13:02:37.427777,142.48,122.19,107.86
2024-09-17 13:02:37.427777,141.64,121.02,109.65
2024-09-18 13:02:37.427777,142.91,119.85,109.84
2024-09-19 13:02:37.427777,144.38,119.35,111.27
2024-09-20 13:02:37.427777,139.89,116.37,111.96
2024-09-21 13:02:37.427777,138.99,114.17,111.41
2024-09-22 13:02:37.427777,133.16,114.96,113.13
2024-09-23 13:02:37.427777,138.88,117.31,113.31
2024-09-24 13:02:37.427777,140.36,116.42,114.92
2024-09-25 13:02:37.427777,141.08,114.96,114.27
2024-09-26 13:02:37.427777,146.16,112.78,114.27
2024-09-27 13:02:37.427777,142.23,114.11,113.71
2024-09-28 13:02:37.427777,143.81,113.78,112.87
2024-09-29 13:02:37.427777,145.28,114.09,111.62
2024-09-30 13:02:37.427777,145.46,115.04,110.74
2024-10-01 13:02:37.427777,148.45,112.29,110.82
2024-10-02 13:02:37.427777,143.23,112.33,111.53
2024-10-03 13:02:37.427777,140.56,115.02,111.37
2024-10-04 13:02:37.427777,138.44,114.98,110.39
2024-10-05 13:02:37.427777,142.93,117.35,109.86
2024-10-06 13:02:37.427777,143.24,117.73,111.58
2024-10-07 13:02:37.427777,147.31,118.54,110.8
2024-10-08 13:02:37.427777,142.31,119.38,111.3
2024-10-09 13:02:37.427777,146.45,118.7,110.19
2024-10-10 13:02:37.427777,149.08,118.0,110.98
2024-10-11 13:02:37.427777,152.16,115.78,111.01
2024-10-12 13:02:37.427777,151.95,112.8,110.4
2024-10-13 13:02:37.427777,156.69,112.52,108.23
2024-10-14 13:02:37.427777,154.69,113.77,108.37
2024-10-15 13:02:37.427777,155.02,113.34,109.51
2024-10-16 13:02:37.427777,156.41,113.65,111.35
2024-10-17 13:02:37.427777,156.21,114.42,110.56
2024-10-18 13:02:37.427777,160.15,115.6,111.37
2024-10-19 13:02:37.427777,154.85,113.27,109.68
2024-10-20 13:02:37.427777,156.11,113.55,108.55
2024-10-21 13:02:37.427777,162.09,112.9,109.38
2024-10-22 13:02:37.427777,164.36,112.04,110.11
2024-10-23 13:02:37.427777,169.12,112.15,109.23
2024-10-24 13:02:37.427777,167.64,110.63,108.66
2024-10-25 13:02:37.427777,169.94,111.79,107.51
2024-10-26 13:02:37.427777,171.56,110.66,107.36
2024-10-27 13:02:37.427777,172.18,109.38,106.14
2024-10-28 13:02:37.427777,163.06,109.02,105.38
2024-10-29 13:02:37.427777,163.36,108.63,105.94
2024-10-30 13:02:37.427777,163.14,108.38,107.1
2024-10-31 13:02:37.427777,163.59,110.13,107.12
2024-11-01 13:02:37.427777,166.93,110.16,107.94
2024-11-02 13:02:37.427777,176.91,110.2,107.03
2024-11-03 13:02:37.427777,172.04,108.47,105.76
2024-11-04 13:02:37.427777,176.72,108.44,105.2
2024-11-05 13:02:37.427777,177.05,107.08,103.68
2024-11-06 13:02:37.427777,179.17,104.86,104.37
2024-11-07 13:02:37.427777,172.14,105.16,104.58
2024-11-08 13:02:37.427777,164.17,104.29,103.55
2024-11-09 13:02:37.427777,169.51,105.98,103.03
2024-11-10 13:02:37.427777,169.1,105.95,103.57
2024-11-11 13:02:37.427777,168.67,106.27,104.21
2024-11-12 13:02:37.427777,170.1,105.74,104.68
2024-11-13 13:02:37.427777,183.3,104.74,104.81
2024-11-14 13:02:37.427777,192.14,102.92,104.28
2024-11-15 13:02:37.427777,193.18,105.16,104.98
2024-11-16 13:02:37.427777,192.69,103.32,104.6
2024-11-17 13:02:37.427777,187.53,104.95,105.44
2024-11-18 13:02:37.427777,194.57,104.69,106.03
2024-11-19 13:02:37.427777,194.98,104.91,105.47
2024-11-20 13:02:37.427777,193.38,103.32,105.63
2024-11-21 13:02:37.427777,202.73,102.02,104.76
2024-11-22 13:02:37.427777,195.29,104.14,103.59
2024-11-23 13:02:37.427777,197.33,106.57,103.78
2024-11-24 13:02:37.427777,184.53,108.52,103.4
2024-11-25 13:02:37.427777,186.86,110.51,104.24
2024-11-26 13:02:37.427777,186.82,110.02,102.7
2024-11-27 13:02:37.427777,187.19,108.59,102.29
2024-11-28 13:02:37.427777,190.22,108.46,102.05
2024-11-29 13:02:37.427777,199.48,109.12,101.68
2024-11-30 13:02:37.427777,203.26,109.82,103.06
2024-12-01 13:02:37.427777,210.98,110.82,101.7
2024-12-02 13:02:37.427777,206.84,111.32,103.45
2024-12-03 13:02:37.427777,210.42,110.98,102.41
2024-12-04 13:02:37.427777,212.21,109.51,103.42
2024-12-05 13:02:37.427777,206.1,113.07,102.91
2024-12-06 13:02:37.427777,207.92,113.08,102.08
2024-12-07 13:02:37.427777,201.04,114.63,102.03
2024-12-08 13:02:37.427777,197.37,113.75,102.22
2024-12-09 13:02:37.427777,195.56,115.05,102.14
2024-12-10 13:02:37.427777,191.54,115.69,102.33
2024-12-11 13:02:37.427777,191.17,116.48,101.59
2024-12-12 13:02:37.427777,190.15,114.95,101.9
2024-12-13 13:02:37.427777,186.75,114.54,101.14
2024-12-14 13:02:37.427777,186.25,111.56,103.89
2024-12-15 13:02:37.427777,179.76,111.84,102.14
2024-12-16 13:02:37.427777,181.51,110.48,101.92
2024-12-17 13:02:37.427777,182.73,110.75,101.52
2024-12-18 13:02:37.427777,176.14,112.59,101.12
2024-12-19 13:02:37.427777,182.18,113.12,101.02
2024-12-20 13:02:37.427777,185.97,112.48,100.53
2024-12-21 13:02:37.427777,181.58,112.17,100.79
2024-12-22 13:02:37.427777,182.27,112.92,101.59
2024-12-23 13:02:37.427777,183.88,113.86,102.26
2024-12-24 13:02:37.427777,191.68,114.5,102.57
2024-12-25 13:02:37.427777,185.58,114.62,100.68
2024-12-26 13:02:37.427777,181.49,115.25,100.15
2024-12-27 13:02:37.427777,186.14,116.04,100.16
2024-12-28 13:02:37.427777,185.63,117.16,99.35
2024-12-29 13:02:37.427777,187.31,117.25,99.64
2024-12-30 13:02:37.427777,193.02,116.3,100.46
2024-12-31 13:02:37.427777,195.19,115.53,100.54
2025-01-01 13:02:37.427777,197.04,116.67,100.83
2025-01-02 13:02:37.427777,204.59,117.91,100.76
2025-01-03 13:02:37.427777,200.76,117.51,101.35
2025-01-04 13:02:37.427777,198.81,117.71,101.22
2025-01-05 13:02:37.427777,202.84,116.7,100.65
2025-01-06 13:02:37.427777,208.21,115.72,99.56
2025-01-07 13:02:37.427777,209.62,116.98,98.84
2025-01-08 13:02:37.427777,206.33,117.8,98.79
2025-01-09 13:02:37.427777,207.32,116.62,98.51
2025-01-10 13:02:37.427777,207.04,119.38,97.95
2025-01-11 13:02:37.427777,204.52,117.59,98.02
2025-01-12 13:02:37.427777,208.31,116.78,99.14
2025-01-13 13:02:37.427777,202.89,118.47,99.47
2025-01-14 13:02:37.427777,203.79,118.42,99.79
2025-01-15 13:02:37.427777,214.13,117.68,99.17
2025-01-16 13:02:37.427777,220.65,116.14,99.38
2025-01-17 13:02:37.427777,233.93,116.01,98.38
2025-01-18 13:02:37.427777,232.64,115.88,97.97
2025-01-19 13:02:37.427777,230.44,115.32,98.46
2025-01-20 13:02:37.427777,224.42,114.1,98.72
2025-01-21 13:02:37.427777,214.15,113.67,99.74
2025-01-22 13:02:37.427777,224.27,115.02,99.66
2025-01-23 13:02:37.427777,223.18,115.79,99.88
2025-01-24 13:02:37.427777,224.1,114.79,100.52
2025-01-25 13:02:37.427777,230.29,114.43,98.88
2025-01-26 13:02:37.427777,224.27,114.49,99.47
2025-01-27 13:02:37.427777,226.23,115.02,100.33
2025-01-28 13:02:37.427777,233.01,114.64,98.14
2025-01-29 13:02:37.427777,230.79,114.59,98.23
2025-01-30 13:02:37.427777,232.08,114.01,96.69
2025-01-31 13:02:37.427777,236.35,114.75,97.28
2025-02-01 13:02:37.427777,239.5,113.98,96.96
2025-02-02 13:02:37.427777,244.04,114.07,97.02
2025-02-03 13:02:37.427777,244.1,113.93,95.36
2025-02-04 13:02:37.427777,240.78,114.87,95.54
2025-02-05 13:02:37.427777,235.17,112.92,96.16
2025-02-06 13:02:37.427777,242.48,111.38,96.37
2025-02-07 13:02:37.427777,248.49,110.3,96.38
2025-02-08 13:02:37.427777,232.21,112.48,96.17
2025-02-09 13:02:37.427777,237.14,112.25,95.62
2025-02-10 13:02:37.427777,231.88,113.31,95.69
2025-02-11 13:02:37.427777,241.42,113.45,95.58
2025-02-12 13:02:37.427777,239.29,114.09,96.63
2025-02-13 13:02:37.427777,230.39,113.46,98.32
2025-02-14 13:02:37.427777,229.25,113.16,99.16
2025-02-15 13:02:37.427777,233.11,112.13,100.59
2025-02-16 13:02:37.427777,237.13,113.79,100.66
2025-02-17 13:02:37.427777,231.73,113.19,100.24
2025-02-18 13:02:37.427777,234.74,115.15,100.19
2025-02-19 13:02:37.427777,234.12,116.71,100.33
2025-02-20 13:02:37.427777,230.18,117.98,101.19
2025-02-21 13:02:37.427777,230.27,119.96,101.26
2025-02-22 13:02:37.427777,224.67,121.3,102.34
2025-02-23 13:02:37.427777,215.11,120.23,103.74
2025-02-24 13:02:37.427777,206.99,121.06,102.49
2025-02-25 13:02:37.427777,221.99,120.75,102.39
2025-02-26 13:02:37.427777,223.05,121.81,102.0
2025-02-27 13:02:37.427777,212.38,123.79,102.93
2025-02-28 13:02:37.427777,217.98,124.17,103.84
2025-03-01 13:02:37.427777,220.76,124.36,104.72
2025-03-02 13:02:37.427777,218.98,126.45,106.18
2025-03-03 13:02:37.427777,217.38,123.44,106.93
2025-03-04 13:02:37.427777,216.24,125.89,106.29
2025-03-05 13:02:37.427777,218.6,123.9,107.27
2025-03-06 13:02:37.427777,214.64,123.83,107.64
2025-03-07 13:02:37.427777,217.9,124.59,108.42
2025-03-08 13:02:37.427777,220.07,125.31,108.87
2025-03-09 13:02:37.427777,218.14,125.4,107.76
2025-03-10 13:02:37.427777,221.87,127.93,107.23
2025-03-11 13:02:37.427777,227.3,126.67,109.68
2025-03-12 13:02:37.427777,235.75,124.93,110.36
2025-03-13 13:02:37.427777,234.56,124.7,110.02
2025-03-14 13:02:37.427777,231.44,127.49,108.33
2025-03-15 13:02:37.427777,224.29,128.18,108.29
2025-03-16 13:02:37.427777,232.55,126.35,108.92
2025-03-17 13:02:37.427777,224.3,124.99,109.5
2025-03-18 13:02:37.427777,231.65,121.26,109.89
2025-03-19 13:02:37.427777,238.67,124.23,111.06
2025-03-20 13:02:37.427777,244.32,124.31,111.02
2025-03-21 13:02:37.427777,239.7,122.82,111.11
2025-03-22 13:02:37.427777,251.9,123.59,110.69
2025-03-23 13:02:37.427777,245.57,123.63,110.69
2025-03-24 13:02:37.427777,234.3,122.56,111.14
2025-03-25 13:02:37.427777,231.51,121.55,111.85
2025-03-26 13:02:37.427777,228.67,121.79,112.78
2025-03-27 13:02:37.427777,230.45,123.05,112.88
2025-03-28 13:02:37.427777,223.85,123.97,114.59
2025-03-29 13:02:37.427777,229.79,126.15,115.39
2025-03-30 13:02:37.427777,227.68,123.76,115.09
2025-03-31 13:02:37.427777,229.87,122.6,112.83
2025-04-01 13:02:37.427777,230.77,121.18,113.61
2025-04-02 13:02:37.427777,234.77,123.27,113.76
2025-04-03 13:02:37.427777,240.0,120.31,115.98
2025-04-04 13:02:37.427777,236.91,119.95,115.33
2025-04-05 13:02:37.427777,229.68,117.9,115.21
2025-04-06 13:02:37.427777,233.22,117.86,112.64
2025-04-07 13:02:37.427777,238.62,118.84,112.99
2025-04-08 13:02:37.427777,236.04,117.48,113.44
2025-04-09 13:02:37.427777,238.7,117.67,115.56
2025-04-10 13:02:37.427777,237.92,117.81,115.99
2025-04-11 13:02:37.427777,229.09,117.45,114.98
2025-04-12 13:02:37.427777,235.05,116.86,114.63
2025-04-13 13:02:37.427777,232.3,118.95,115.4
2025-04-14 13:02:37.427777,235.85,118.58,115.97
2025-04-15 13:02:37.427777,226.38,120.56,115.89
2025-04-16 13:02:37.427777,229.28,120.73,115.64
2025-04-17 13:02:37.427777,226.57,121.14,116.73
2025-04-18 13:02:37.427777,225.06,123.03,116.66
2025-04-19 13:02:37.427777,230.42,122.08,116.28
2025-04-20 13:02:37.427777,233.33,119.05,116.41
2025-04-21 13:02:37.427777,229.03,119.4,116.26
2025-04-22 13:02:37.427777,227.85,121.09,114.51
2025-04-23 13:02:37.427777,232.83,123.59,113.26
2025-04-24 13:02:37.427777,231.45,123.61,112.92
2025-04-25 13:02:37.427777,237.26,123.53,111.39
2025-04-26 13:02:37.427777,229.12,122.38,112.56
2025-04-27 13:02:37.427777,226.34,122.67,113.57
2025-04-28 13:02:37.427777,216.55,122.38,112.75
2025-04-29 13:02:37.427777,218.31,118.8,113.1
2025-04-30 13:02:37.427777,210.97,119.52,115.36
2025-05-01 13:02:37.427777,216.09,122.13,115.61
2025-05-02 13:02:37.427777,218.69,123.93,114.66
2025-05-03 13:02:37.427777,210.53,124.76,115.3
2025-05-04 13:02:37.427777,213.43,123.15,115.44
2025-05-05 13:02:37.427777,208.43,122.48,112.42
2025-05-06 13:02:37.427777,202.0,122.1,113.03
2025-05-07 13:02:37.427777,196.02,123.2,112.11
2025-05-08 13:02:37.427777,194.34,125.22,113.19
2025-05-09 13:02:37.427777,193.59,126.46,114.45
2025-05-10 13:02:37.427777,197.31,127.87,114.4
2025-05-11 13:02:37.427777,191.5,127.88,115.58
2025-05-12 13:02:37.427777,197.19,129.8,116.78
2025-05-13 13:02:37.427777,207.24,129.15,117.1
2025-05-14 13:02:37.427777,203.25,127.21,118.48
2025-05-15 13:02:37.427777,200.18,126.55,118.07
2025-05-16 13:02:37.427777,195.24,126.75,119.11
2025-05-17 13:02:37.427777,200.51,128.67,118.91
2025-05-18 13:02:37.427777,204.29,128.4,119.07
2025-05-19 13:02:37.427777,201.16,129.45,118.99
2025-05-20 13:02:37.427777,200.31,127.4,117.71
2025-05-21 13:02:37.427777,204.46,128.85,117.24
2025-05-22 13:02:37.427777,199.66,131.55,117.99
2025-05-23 13:02:37.427777,199.3,129.02,118.0
2025-05-24 13:02:37.427777,196.98,128.83,119.45
2025-05-25 13:02:37.427777,193.91,128.06,119.11
2025-05-26 13:02:37.427777,191.05,127.96,120.02
2025-05-27 13:02:37.427777,191.13,126.09,118.76
2025-05-28 13:02:37.427777,189.43,127.9,118.92
2025-05-29 13:02:37.427777,200.94,127.59,117.46
2025-05-30 13:02:37.427777,195.19,126.27,118.77
2025-05-31 13:02:37.427777,195.82,125.94,119.22
2025-06-01 13:02:37.427777,196.82,126.02,120.43
2025-06-02 13:02:37.427777,187.38,126.39,118.87
2025-06-03 13:02:37.427777,179.74,127.29,119.83
2025-06-04 13:02:37.427777,174.63,127.99,119.74
2025-06-05 13:02:37.427777,175.92,128.59,121.01
2025-06-06 13:02:37.427777,176.72,128.62,119.55
2025-06-07 13:02:37.427777,177.84,126.65,119.98
2025-06-08 13:02:37.427777,174.11,126.39,121.92
2025-06-09 13:02:37.427777,170.59,124.87,120.84
2025-06-10 13:02:37.427777,173.46,120.51,119.75
2025-06-11 13:02:37.427777,168.44,121.89,118.41
2025-06-12 13:02:37.427777,172.7,125.06,119.22
2025-06-13 13:02:37.427777,172.53,127.55,119.14
2025-06-14 13:02:37.427777,169.67,126.29,120.51
2025-06-15 13:02:37.427777,171.04,126.03,119.55
2025-06-16 13:02:37.427777,179.54,126.8,120.32
2025-06-17 13:02:37.427777,178.92,124.43,122.13
2025-06-18 13:02:37.427777,173.81,127.51,122.47
2025-06-19 13:02:37.427777,174.93,126.55,124.86
2025-06-20 13:02:37.427777,177.05,126.33,126.56
2025-06-21 13:02:37.427777,178.57,126.81,126.75
2025-06-22 13:02:37.427777,180.1,128.24,126.35
2025-06-23 13:02:37.427777,173.49,127.8,126.68
2025-06-24 13:02:37.427777,167.54,127.46,126.21
2025-06-25 13:02:37.427777,163.35,126.54,125.96
2025-06-26 13:02:37.427777,166.67,127.14,125.82
2025-06-27 13:02:37.427777,171.6,126.55,125.52
2025-06-28 13:02:37.427777,171.21,126.85,124.49
2025-06-29 13:02:37.427777,169.24,127.14,124.52
2025-06-30 13:02:37.427777,168.31,125.35,125.47
2025-07-01 13:02:37.427777,169.09,124.75,124.57
2025-07-02 13:02:37.427777,173.89,122.91,126.55
2025-07-03 13:02:37.427777,180.04,119.41,127.4
2025-07-04 13:02:37.427777,175.33,117.55,125.34
2025-07-05 13:02:37.427777,167.71,116.24,123.74
2025-07-06 13:02:37.427777,168.11,117.25,123.3
2025-07-07 13:02:37.427777,173.14,118.06,122.76
2025-07-08 13:02:37.427777,172.17,119.53,119.69
2025-07-09 13:02:37.427777,174.06,117.92,117.74
2025-07-10 13:02:37.427777,171.76,119.46,116.71
2025-07-11 13:02:37.427777,169.44,120.65,117.86
2025-07-12 13:02:37.427777,165.31,118.57,117.66
2025-07-13 13:02:37.427777,167.64,119.24,118.05
2025-07-14 13:02:37.427777,174.97,117.79,118.37
2025-07-15 13:02:37.427777,173.99,116.89,118.36
2025-07-16 13:02:37.427777,179.29,119.0,118.97
2025-07-17 13:02:37.427777,179.2,118.66,117.97
2025-07-18 13:02:37.427777,178.66,121.04,117.96
2025-07-19 13:02:37.427777,189.12,119.12,117.98
2025-07-20 13:02:37.427777,188.25,119.95,118.0
2025-07-21 13:02:37.427777,189.76,119.89,118.5
2025-07-22 13:02:37.427777,199.73,117.55,120.67
2025-07-23 13:02:37.427777,195.15,117.15,121.43
2025-07-24 13:02:37.427777,195.28,117.49,121.34
2025-07-25 13:02:37.427777,195.38,117.5,122.54
2025-07-26 13:02:37.427777,192.55,117.48,122.45
2025-07-27 13:02:37.427777,190.39,115.46,122.0
2025-07-28 13:02:37.427777,193.95,115.79,121.16
2025-07-29 13:02:37.427777,198.32,117.53,120.23
2025-07-30 13:02:37.427777,202.28,119.53,120.57
2025-07-31 13:02:37.427777,201.03,117.03,120.7
2025-08-01 13:02:37.427777,199.24,120.45,122.08
2025-08-02 13:02:37.427777,210.84,121.8,122.86
2025-08-03 13:02:37.427777,224.05,121.02,123.66
2025-08-04 13:02:37.427777,222.06,119.01,122.4
2025-08-05 13:02:37.427777,227.18,118.4,122.65
2025-08-06 13:02:37.427777,235.95,117.29,123.32
2025-08-07 13:02:37.427777,244.3,119.33,123.85
2025-08-08 13:02:37.427777,235.83,118.73,127.19
2025-08-09 13:02:37.427777,242.01,118.98,127.94
2025-08-10 13:02:37.427777,245.75,119.55,128.94
2025-08-11 13:02:37.427777,264.0,120.41,130.3
2025-08-12 13:02:37.427777,270.9,121.48,128.68
2025-08-13 13:02:37.427777,270.62,121.24,126.88
2025-08-14 13:02:37.427777,273.34,121.18,127.47
2025-08-15 13:02:37.427777,271.99,120.0,127.24
2025-08-16 13:02:37.427777,263.01,120.14,126.56
2025-08-17 13:02:37.427777,258.49,122.63,126.03
2025-08-18 13:02:37.427777,275.49,120.66,127.26
2025-08-19 13:02:37.427777,278.75,119.84,127.33
2025-08-20 13:02:37.427777,275.11,120.48,126.13
2025-08-21 13:02:37.427777,272.54,122.64,124.43
2025-08-22 13:02:37.427777,265.7,124.66,124.25
2025-08-23 13:02:37.427777,261.86,124.98,123.21
2025-08-24 13:02:37.427777,271.98,123.45,124.27
2025-08-25 13:02:37.427777,269.08,123.95,124.6
2025-08-26 13:02:37.427777,269.03,125.1,124.66
2025-08-27 13:02:37.427777,259.5,125.32,125.75
2025-08-28 13:02:37.427777,259.98,124.12,125.56
2025-08-29 13:02:37.427777,257.51,125.96,126.44
2025-08-30 13:02:37.427777,250.89,126.27,125.11
2025-08-31 13:02:37.427777,247.26,126.44,127.24
2025-09-01 13:02:37.427777,246.31,124.97,128.61
2025-09-02 13:02:37.427777,256.47,126.65,129.11
2025-09-03 13:02:37.427777,249.99,125.1,127.72
2025-09-04 13:02:37.427777,253.61,123.32,125.91
2025-09-05 13:02:37.427777,240.17,124.04,127.23
2025-09-06 13:02:37.427777,232.92,122.16,126.95
2025-09-07 13:02:37.427777,232.36,121.95,126.99
2025-09-08 13:02:37.427777,232.51,123.73,127.35
2025-09-09 13:02:37.427777,239.83,124.24,127.21
2025-09-10 13:02:37.427777,229.41,123.21,127.18
2025-09-11 13:02:37.427777,237.56,124.26,128.12
2025-09-12 13:02:37.427777,241.26,125.43,128.25
2025-09-13 13:02:37.427777,244.96,126.22,126.99
2025-09-14 13:02:37.427777,237.41,125.29,125.22
2025-09-15 13:02:37.427777,232.53,126.51,125.55
2025-09-16 13:02:37.427777,230.45,127.62,127.44
2025-09-17 13:02:37.427777,235.15,127.54,128.53
2025-09-18 13:02:37.427777,232.89,128.61,128.93
2025-09-19 13:02:37.427777,240.31,125.84,129.7
2025-09-20 13:02:37.427777,242.46,128.48,131.0
2025-09-21 13:02:37.427777,237.14,128.16,128.97
2025-09-22 13:02:37.427777,239.91,128.97,126.88
2025-09-23 13:02:37.427777,238.76,127.64,127.66
2025-09-24 13:02:37.427777,242.9,129.46,127.63
2025-09-25 13:02:37.427777,243.1,131.13,127.16
2025-09-26 13:02:37.427777,241.88,132.56,127.14
2025-09-27 13:02:37.427777,245.81,133.65,125.72
2025-09-28 13:02:37.427777,240.18,133.28,123.26
2025-09-29 13:02:37.427777,246.1,134.83,122.86
2025-09-30 13:02:37.427777,238.43,132.77,121.66
2025-10-01 13:02:37.427777,247.02,132.39,121.49
2025-10-02 13:02:37.427777,247.19,133.53,121.57
2025-10-03 13:02:37.427777,247.4,132.24,122.99
2025-10-04 13:02:37.427777,247.99,131.27,123.12
2025-10-05 13:02:37.427777,249.32,131.24,122.7
2025-10-06 13:02:37.427777,261.63,130.36,123.66
2025-10-07 13:02:37.427777,270.22,128.86,126.43
2025-10-08 13:02:37.427777,272.57,130.82,127.08
2025-10-09 13:02:37.427777,274.45,131.32,126.73
2025-10-10 13:02:37.427777,273.69,135.33,126.52
2025-10-11 13:02:37.427777,260.44,130.75,128.03
2025-10-12 13:02:37.427777,247.26,130.64,128.48
2025-10-13 13:02:37.427777,254.7,129.53,127.56
2025-10-14 13:02:37.427777,248.08,129.8,125.69
2025-10-15 13:02:37.427777,238.45,130.52,125.14
2025-10-16 13:02:37.427777,235.51,129.45,123.61
2025-10-17 13:02:37.427777,229.28,130.63,123.16
2025-10-18 13:02:37.427777,241.6,131.2,123.67
2025-10-19 13:02:37.427777,247.94,130.1,124.46
2025-10-20 13:02:37.427777,247.07,133.46,124.92
2025-10-21 13:02:37.427777,240.01,132.88,124.45
2025-10-22 13:02:37.427777,234.88,133.54,125.88
2025-10-23 13:02:37.427777,238.78,134.97,125.75
2025-10-24 13:02:37.427777,243.54,134.76,126.16
2025-10-25 13:02:37.427777,245.46,137.04,124.4
2025-10-26 13:02:37.427777,250.22,135.63,125.07
2025-10-27 13:02:37.427777,253.51,136.59,126.43
2025-10-28 13:02:37.427777,251.0,133.71,123.64
2025-10-29 13:02:37.427777,251.61,134.61,123.58
2025-10-30 13:02:37.427777,259.23,134.62,124.55
2025-10-31 13:02:37.427777,252.74,133.18,123.44
2025-11-01 13:02:37.427777,254.75,134.39,122.52
2025-11-02 13:02:37.427777,253.16,136.01,124.21
2025-11-03 13:02:37.427777,253.28,138.39,122.69
2025-11-04 13:02:37.427777,265.16,137.58,122.03
2025-11-05 13:02:37.427777,263.52,135.53,122.82
2025-11-06 13:02:37.427777,269.66,131.47,123.34
2025-11-07 13:02:37.427777,269.16,134.66,123.45
2025-11-08 13:02:37.427777,252.87,135.12,124.85
2025-11-09 13:02:37.427777,254.61,136.5,124.68
2025-11-10 13:02:37.427777,256.14,135.67,125.17
2025-11-11 13:02:37.427777,262.21,139.72,125.32
2025-11-12 13:02:37.427777,268.25,140.0,126.08
2025-11-13 13:02:37.427777,280.43,141.74,125.06
2025-11-14 13:02:37.427777,289.83,142.33,125.7
2025-11-15 13:02:37.427777,289.67,142.89,124.79
2025-11-16 13:02:37.427777,286.53,141.13,125.56
2025-11-17 13:02:37.427777,292.68,143.22,125.24
2025-11-18 13:02:37.427777,289.02,142.8,125.23
2025-11-19 13:02:37.427777,288.92,142.48,126.14
2025-11-20 13:02:37.427777,277.45,140.95,126.29
2025-11-21 13:02:37.427777,273.91,139.7,126.75
2025-11-22 13:02:37.427777,276.17,141.28,126.72
2025-11-23 13:02:37.427777,270.81,140.28,127.76
2025-11-24 13:02:37.427777,266.33,141.6,126.57
2025-11-25 13:02:37.427777,259.99,142.03,125.18
2025-11-26 13:02:37.427777,267.42,141.93,123.94
2025-11-27 13:02:37.427777,255.4,143.38,124.0
2025-11-28 13:02:37.427777,250.95,142.25,124.3
2025-11-29 13:02:37.427777,250.89,142.5,125.16
2025-11-30 13:02:37.427777,243.57,143.66,125.67
2025-12-01 13:02:37.427777,244.37,141.36,124.12
2025-12-02 13:02:37.427777,247.09,140.52,124.42
2025-12-03 13:02:37.427777,254.8,140.25,123.91
2025-12-04 13:02:37.427777,257.86,140.05,122.58
2025-12-05 13:02:37.427777,242.36,141.19,120.61
2025-12-06 13:02:37.427777,245.91,137.41,120.12
2025-12-07 13:02:37.427777,243.32,136.22,121.4
2025-12-08 13:02:37.427777,256.75,136.99,120.45
2025-12-09 13:02:37.427777,245.46,136.62,120.33
2025-12-10 13:02:37.427777,247.82,133.38,119.23
2025-12-11 13:02:37.427777,245.41,131.93,119.6
2025-12-12 13:02:37.427777,250.9,135.01,119.15
2025-12-13 13:02:37.427777,250.75,131.81,119.29
2025-12-14 13:02:37.427777,255.86,132.82,119.07
2025-12-15 13:02:37.427777,258.65,133.62,120.45
2025-12-16 13:02:37.427777,250.37,135.79,119.38
2025-12-17 13:02:37.427777,247.56,135.53,119.64
2025-12-18 13:02:37.427777,238.99,134.44,121.94
2025-12-19 13:02:37.427777,238.11,134.88,122.72
2025-12-20 13:02:37.427777,229.65,136.34,122.79
2025-12-21 13:02:37.427777,238.66,134.76,122.34
2025-12-22 13:02:37.427777,243.59,136.55,123.0
2025-12-23 13:02:37.427777,245.61,137.48,122.35
2025-12-24 13:02:37.427777,253.05,138.55,121.6
2025-12-25 13:02:37.427777,250.74,137.08,123.47
2025-12-26 13:02:37.427777,243.79,140.01,124.08
2025-12-27 13:02:37.427777,233.91,138.95,124.68
2025-12-28 13:02:37.427777,235.97,139.99,126.08
2025-12-29 13:02:37.427777,244.46,138.4,123.56
2025-12-30 13:02:37.427777,238.56,138.65,122.26
2025-12-31 13:02:37.427777,240.82,142.62,123.08
2026-01-01 13:02:37.427777,241.52,143.61,124.57
2026-01-02 13:02:37.427777,235.68,142.62,123.81
2026-01-03 13:02:37.427777,230.33,142.57,125.33
2026-01-04 13:02:37.427777,220.83,143.24,124.26
2026-01-05 13:02:37.427777,224.41,143.85,124.81
2026-01-06 13:02:37.427777,221.33,142.9,126.07
2026-01-07 13:02:37.427777,222.25,143.03,125.21
2026-01-08 13:02:37.427777,223.65,145.16,123.89
2026-01-09 13:02:37.427777,221.85,144.23,123.57
2026-01-10 13:02:37.427777,222.83,141.3,124.18
2026-01-11 13:02:37.427777,216.79,142.84,125.64
2026-01-12 13:02:37.427777,216.6,143.36,126.03
2026-01-13 13:02:37.427777,218.06,143.1,125.96
2026-01-14 13:02:37.427777,213.64,143.05,126.95
2026-01-15 13:02:37.427777,219.6,142.73,126.06
2026-01-16 13:02:37.427777,214.84,144.03,124.32
2026-01-17 13:02:37.427777,207.57,139.94,125.17
2026-01-18 13:02:37.427777,215.26,135.73,124.31
2026-01-19 13:02:37.427777,215.05,135.01,127.4
2026-01-20 13:02:37.427777,218.18,136.68,127.95
2026-01-21 13:02:37.427777,218.75,136.0,129.72
2026-01-22 13:02:37.427777,217.18,136.51,129.6
2026-01-23 13:02:37.427777,217.07,134.57,129.1
2026-01-24 13:02:37.427777,219.5,134.63,129.59
2026-01-25 13:02:37.427777,219.28,133.47,129.82
2026-01-26 13:02:37.427777,223.75,132.84,130.54
2026-01-27 13:02:37.427777,216.32,133.18,130.51
2026-01-28 13:02:37.427777,218.72,134.67,130.77
2026-01-29 13:02:37.427777,219.65,136.37,128.77
2026-01-30 13:02:37.427777,220.29,137.0,130.17
2026-01-31 13:02:37.427777,220.24,136.84,132.12
2026-02-01 13:02:37.427777,218.18,137.58,131.54
2026-02-02 13:02:37.427777,214.12,138.31,131.37
2026-02-03 13:02:37.427777,211.47,138.28,131.18
2026-02-04 13:02:37.427777,210.82,138.8,131.8
2026-02-05 13:02:37.427777,213.86,140.15,132.19
2026-02-06 13:02:37.427777,213.47,140.5,133.01
2026-02-07 13:02:37.427777,208.77,140.79,133.42
2026-02-08 13:02:37.427777,210.37,140.23,133.66
2026-02-09 13:02:37.427777,212.7,139.3,133.47
2026-02-10 13:02:37.427777,226.86,138.63,131.89
2026-02-11 13:02:37.427777,228.08,141.91,132.12
2026-02-12 13:02:37.427777,232.34,141.34,132.53
2026-02-13 13:02:37.427777,237.59,141.86,134.46
2026-02-14 13:02:37.427777,229.63,141.93,134.73
2026-02-15 13:02:37.427777,235.78,141.41,132.48
2026-02-16 13:02:37.427777,243.76,141.44,133.62
2026-02-17 13:02:37.427777,245.72,146.35,131.99
2026-02-18 13:02:37.427777,251.2,147.17,131.21
